title,company,location,link
Java Software Engineer,"JPMorgan Chase Bank, N.A.","Plano, TX",https://stackoverflow.com/jobs/562140
Research Software Engineer (f/m/div) – Digital Humans,Max Planck Institute for Intelligent Systems,"Tübingen, Deutschland",https://stackoverflow.com/jobs/562659
"Software Engineering-Java, HTML, Javascript, CSS, Angular","JPMorgan Chase Bank, N.A.","Plano, TX",https://stackoverflow.com/jobs/562390
Software Stack Developer (m/f/div),Max-Planck-Institut für Meteorologie,"Hamburg, Deutschland",https://stackoverflow.com/jobs/561026
Application Support Engineer (m/f/div),Elinvar GmbH,"Berlin, Germany",https://stackoverflow.com/jobs/550757
JavaScript Developer,Intelliware Development Inc.,No office location,https://stackoverflow.com/jobs/535570
Software Developer - Full Stack,Intelliware Development Inc.,No office location,https://stackoverflow.com/jobs/535340
Full Stack Developer,Mimacom,"Denver, CO",https://stackoverflow.com/jobs/556133
Senior Software Engineer - Where GovTech Meets FinTech,PayIt,No office location,https://stackoverflow.com/jobs/558419
Cloud Automation Engineer (m/w/d),Mimacom,"Stuttgart, Deutschland",https://stackoverflow.com/jobs/551994
Frontend Engineer at Bosch IoT Start-up,Azena (A Bosch IoT Start-Up),"Eindhoven, Netherlands",https://stackoverflow.com/jobs/522738
Senior WordPress Developer,Curotec,No office location,https://stackoverflow.com/jobs/550906
"Software Developers for our offices in Berlin, Hamburg, Göttingen or Abingdon",Evotec SE,"Hamburg, Germany",https://stackoverflow.com/jobs/524299
Front-End Software Engineer,HENNGE K.K.,"Tokyo, Japan",https://stackoverflow.com/jobs/381280
Pixel-Perfect Front End/React Developer -work Remotely for an Inc. 5000 Company!,OnePak Inc,No office location,https://stackoverflow.com/jobs/467318
(Senior) Frontend Engineer | Angular or React | Barcelona,Dynatrace,"Barcelona, Spain",https://stackoverflow.com/jobs/559775
"Senior/Front End Engineer, APAC",Coda Payments,No office location,https://stackoverflow.com/jobs/557316
Senior Java Software Engineer,"JPMorgan Chase Bank, N.A.","Chicago, IL",https://stackoverflow.com/jobs/562853
Python Developer (Remote),Finsera,No office location,https://stackoverflow.com/jobs/524065
Softwareentwickler Frontend für Vision Applikationen (m|w|d),Optonic GmbH,"Freiburg im Breisgau, Deutschland",https://stackoverflow.com/jobs/558513
Senior Software Engineer - React.js (m/f/d),ProSiebenSat.1 Media SE,"München, Deutschland",https://stackoverflow.com/jobs/562670
Full-Stack Web Developer (m/w/d) Remote,asgoodasnew electronics GmbH,"Berlin, Deutschland",https://stackoverflow.com/jobs/529765
Backend Engineer (Python),Zattoo,"Berlin, Germany",https://stackoverflow.com/jobs/556298
"Full Stack Software Engineer, Business Integrity",ByteDance,Singapore,https://stackoverflow.com/jobs/553099
Senior Front-end Developer (Remote),SORAMITSU,"Innopolis, Russia",https://stackoverflow.com/jobs/522571
Web Developer (m/w/d),Ravensburger AG,"Ravensburg, Deutschland",https://stackoverflow.com/jobs/559925
Front-End Software Engineering,"JPMorgan Chase Bank, N.A.","Columbus, OH",https://stackoverflow.com/jobs/561802
Python Developer (Remote),Finsera,No office location,https://stackoverflow.com/jobs/524065
Software Engineering - Full-Stack / JavaScript / React /Node JS,"JPMorgan Chase Bank, N.A.","Jersey City, NJ",https://stackoverflow.com/jobs/561321
Full Stack Software Engineer,"JPMorgan Chase Bank, N.A.","Plano, TX",https://stackoverflow.com/jobs/562895
Senior Front-end Developer (Remote),SORAMITSU,"Innopolis, Russia",https://stackoverflow.com/jobs/522571
PHP Entwickler (Backend oder Full Stack)(m/w/d),WunschGutschein,"Düsseldorf, Deutschland",https://stackoverflow.com/jobs/365530
Senior JavaScript Software Engineer,"JPMorgan Chase Bank, N.A.","Columbus, OH",https://stackoverflow.com/jobs/559600
Java Software Engineer,"JPMorgan Chase Bank, N.A.","Plano, TX",https://stackoverflow.com/jobs/560685
Pixel-Perfect Front End/React Developer -work Remotely for an Inc. 5000 Company!,OnePak Inc,No office location,https://stackoverflow.com/jobs/467318
(Senior) React Frontend Engineer - Core Functionality / all genders,Elinvar GmbH,"Berlin, Germany",https://stackoverflow.com/jobs/562577
Backend Software Engineer,Armored Things,"Boston, MA",https://stackoverflow.com/jobs/322319
Full-Stack Developer (f/m/x),svarmony Technologies GmbH,"Wien, Österreich",https://stackoverflow.com/jobs/559661
Lead Frontend Engineer (all genders) - Remote or Relocation,Goodgame Studios,"Hamburg, Deutschland",https://stackoverflow.com/jobs/553440
React Front End Developer,"Daupler, Inc.","Kansas City, MO",https://stackoverflow.com/jobs/523351
"Senior/Front End Engineer, APAC",Coda Payments,No office location,https://stackoverflow.com/jobs/557316
Senior Java Software Engineer,"JPMorgan Chase Bank, N.A.","Chicago, IL",https://stackoverflow.com/jobs/562853
Front End Software Engineer – HPC Products,DUG Technology,"West Perth, Australia",https://stackoverflow.com/jobs/528137
Java Software Engineer,"JPMorgan Chase Bank, N.A.","Plano, TX",https://stackoverflow.com/jobs/562140
Senior Python/Django Full-stack Developer,Apicbase Belgium,No office location,https://stackoverflow.com/jobs/545356
Softwareentwickler Frontend für Vision Applikationen (m|w|d),Optonic GmbH,"Freiburg im Breisgau, Deutschland",https://stackoverflow.com/jobs/558513
Javascript Software Engineer (Front End) - Unicorn,Gamesys Group,"London, UK",https://stackoverflow.com/jobs/559767
Softwareentwickler (m/w/d) Frontend / Backend / Fullstack (mehrere Standorte),AUSY Technologies Germany AG,"München, Deutschland",https://stackoverflow.com/jobs/521824
Java Entwickler:in / Software Developer (m/w/d),Thalia Bücher GmbH,"Münster, Deutschland",https://stackoverflow.com/jobs/538578
Backend Engineer (Python),Zattoo,"Berlin, Germany",https://stackoverflow.com/jobs/556298
Front-end web developer to make digital solutions for social challenges,Innovattic,"Delft, Netherlands",https://stackoverflow.com/jobs/529137
Intertoob Scanner Builder (Fullstack Engineer),Carve Systems,"Golden, CO",https://stackoverflow.com/jobs/517498
Java Software Engineer,"JPMorgan Chase Bank, N.A.","Plano, TX",https://stackoverflow.com/jobs/560685
Software Engineering,"JPMorgan Chase Bank, N.A.","Columbus, OH",https://stackoverflow.com/jobs/560265
Software Engineer Full Stack,PedidosYa,"Núñez, Argentina",https://stackoverflow.com/jobs/474773
Software Engineering - Full-Stack / JavaScript / React /Node JS,"JPMorgan Chase Bank, N.A.","Jersey City, NJ",https://stackoverflow.com/jobs/561321
Full Stack Software Engineer,"JPMorgan Chase Bank, N.A.","Plano, TX",https://stackoverflow.com/jobs/562895
Senior Full Stack Engineer at Leading Education Company,Tynker,No office location,https://stackoverflow.com/jobs/494562
"Senior Web Developer (.NET Web Projects, Fully Remote)",BlueModus,No office location,https://stackoverflow.com/jobs/561220
Javascript & PHP Entwickler(in) für spannende Webapplikationen,4eyes GmbH,"Basel, Schweiz",https://stackoverflow.com/jobs/420062
"Frontend Engineer, Studios Applications",Amazon.Com Inc.,"Culver City, CA",https://stackoverflow.com/jobs/540233
Full-Stack Software Developer (Intermediate / Senior),Derivco.,"Hope Island, Australia",https://stackoverflow.com/jobs/550295
React Front End Developer,"Daupler, Inc.","Kansas City, MO",https://stackoverflow.com/jobs/523351
Senior Software Engineer - React Native,uShip,"Austin, TX",https://stackoverflow.com/jobs/550764
Senior Software Engineer (Fullstack),Even Financial,"New York, NY",https://stackoverflow.com/jobs/460779
Experienced Full-stack Web Engineer,Scoville,"Shibuya City, Japan",https://stackoverflow.com/jobs/529039
Senior Python/Django Full-stack Developer,Apicbase Belgium,No office location,https://stackoverflow.com/jobs/515716
Remote Fullstack Entwicklerin (m/w/d),Ambient,"Köln, Deutschland",https://stackoverflow.com/jobs/552969
Informatiker als Fullstack Entwickler Web Development für Audioprodukte (m/w/d),Sennheiser electronic GmbH & Co. KG,"Wedemark, Deutschland",https://stackoverflow.com/jobs/509390
Full Stack Software Engineer,Stable Kernel,"Atlanta, GA",https://stackoverflow.com/jobs/555631
Software Developer - Webentwickler - Programmierer m/w/x,Jobcluster Deutschland GmbH,No office location,https://stackoverflow.com/jobs/561431
Senior Java Fullstack Developer: contribute E2E from server side to API & the UI,Mimecast,"London, UK",https://stackoverflow.com/jobs/415192
Full Stack Developer Mobile Gaming (m/w/d),Lotum GmbH,"Bad Nauheim, Deutschland",https://stackoverflow.com/jobs/372990
Senior Python/Django Full-stack Developer,Apicbase Belgium,No office location,https://stackoverflow.com/jobs/545356
Remote Senior Software Engineer,O'Reilly Auto Parts,No office location,https://stackoverflow.com/jobs/560134
UI Software Engineer - Team Lead - Rates eTrading - Vice President,"JPMorgan Chase Bank, N.A.","London, UK",https://stackoverflow.com/jobs/562060
"Frontend Software Engineer, Customer Service Platform",ByteDance,Singapore,https://stackoverflow.com/jobs/541573
Fullstack Java Software Engineer,"JPMorgan Chase Bank, N.A.","Chicago, IL",https://stackoverflow.com/jobs/561654
Junior/Senior Java Software Entwickler (m/w/d),"HPV e.G.viaProgressive, ein Geschäftszweig der SThree GmbH","Hamburg, Germany",https://stackoverflow.com/jobs/525365
Front-End Software Developer (CO),"EnergyCAP, LLC","Denver, CO",https://stackoverflow.com/jobs/561734
"Software Engineer, Web Platform [Mercari]",Mercari,"Tokyo, Japan",https://stackoverflow.com/jobs/562439
Java Software Engineer,"JPMorgan Chase Bank, N.A.","Columbus, OH",https://stackoverflow.com/jobs/562691
Senior Java Software Engineer (US Remote based),RBW ConsultingviaRBW Consulting,No office location,https://stackoverflow.com/jobs/554678
"Frontend Engineer, Studios Applications",Amazon.Com Inc.,"Culver City, CA",https://stackoverflow.com/jobs/540233
Full-Stack Software Developer (Intermediate / Senior),Derivco.,"Hope Island, Australia",https://stackoverflow.com/jobs/550295
Fullstack Java Software Engineer,"JPMorgan Chase Bank, N.A.","Chicago, IL",https://stackoverflow.com/jobs/561655
(Senior) Fullstack Entwickler (m/w/d),BoschviaComputer Futures Solutions GmbH,"Stuttgart, Deutschland",https://stackoverflow.com/jobs/525341
Front-end web developer to make digital solutions for social challenges,Innovattic,"Delft, Netherlands",https://stackoverflow.com/jobs/529137
Informatiker als Fullstack Entwickler Web Development für Audioprodukte (m/w/d),Sennheiser electronic GmbH & Co. KG,"Wedemark, Deutschland",https://stackoverflow.com/jobs/509390
Senior Software Engineer - React Native,uShip,"Austin, TX",https://stackoverflow.com/jobs/550764
Casino games frontend developer,Giocaonline s.r.l.,"Milan, Italy",https://stackoverflow.com/jobs/512667
Senior Software Engineer (Fullstack),Even Financial,"New York, NY",https://stackoverflow.com/jobs/460779
Senior Java Fullstack Developer: contribute E2E from server side to API & the UI,Mimecast,"London, UK",https://stackoverflow.com/jobs/415192
Full Stack Developer Mobile Gaming (m/w/d),Lotum GmbH,"Bad Nauheim, Deutschland",https://stackoverflow.com/jobs/372990
"Front End Developer - Angular, JavaScript, jQuery, Agile, TypeScript",Mimecast,"London, UK",https://stackoverflow.com/jobs/376558
Software Engineer - Frontend,ZALORA,"Ho Chi Minh City, Vietnam",https://stackoverflow.com/jobs/536783
UI Software Engineer,"JPMorgan Chase Bank, N.A.","Jersey City, NJ",https://stackoverflow.com/jobs/562346
React Developer (m/f/d) for leading eCommerce ecosystem for the energy world,epilot,"Köln, Deutschland",https://stackoverflow.com/jobs/486010
Junior Backend Developer - JAVA/Python,"JPMorgan Chase Bank, N.A.","Columbus, OH",https://stackoverflow.com/jobs/562902
Remote Senior Software Engineer,O'Reilly Auto Parts,No office location,https://stackoverflow.com/jobs/560134
UI Software Engineer,"JPMorgan Chase Bank, N.A.","Jersey City, NJ",https://stackoverflow.com/jobs/562346
Fullstack Java Software Engineer,"JPMorgan Chase Bank, N.A.","Chicago, IL",https://stackoverflow.com/jobs/561655
Full-stack / front-end / back-end -kehittäjiä luomaan älykkäitä kaupunkeja,Sitowise,"Espoo, Finland",https://stackoverflow.com/jobs/488336
"Frontend Engineer, Studios Applications",Amazon.Com Inc.,"Culver City, CA",https://stackoverflow.com/jobs/540233
Full-Stack Software Developer (Intermediate / Senior),Derivco.,"Hope Island, Australia",https://stackoverflow.com/jobs/550295
Senior Software Engineer Web Front-end,ti&m AG,"Zürich, Schweiz",https://stackoverflow.com/jobs/522252
Senior Software Engineer Web-Front-end / .NET,ti&m AG,"Zürich, Schweiz",https://stackoverflow.com/jobs/522251
Casino games frontend developer,Giocaonline s.r.l.,"Milan, Italy",https://stackoverflow.com/jobs/512667
Front-end web developer to make digital solutions for social challenges,Innovattic,"Delft, Netherlands",https://stackoverflow.com/jobs/529137
Software Engineer – JavaScript + React,zooplus AG,"Kraków, Poland",https://stackoverflow.com/jobs/545496
Informatiker als Fullstack Entwickler Web Development für Audioprodukte (m/w/d),Sennheiser electronic GmbH & Co. KG,"Wedemark, Deutschland",https://stackoverflow.com/jobs/509390
Senior UI Software Engineer,VIZIO,"Denver, CO",https://stackoverflow.com/jobs/522671
Senior Software Engineer - React Native,uShip,"Austin, TX",https://stackoverflow.com/jobs/550764
Senior Software Engineer (Fullstack),Even Financial,"New York, NY",https://stackoverflow.com/jobs/460779
Senior Java Fullstack Developer: contribute E2E from server side to API & the UI,Mimecast,"London, UK",https://stackoverflow.com/jobs/415192
Full Stack Developer Mobile Gaming (m/w/d),Lotum GmbH,"Bad Nauheim, Deutschland",https://stackoverflow.com/jobs/372990
React Developer (m/f/d) for leading eCommerce ecosystem for the energy world,epilot,"Köln, Deutschland",https://stackoverflow.com/jobs/486010
Python Web Application Developer (Entry or Mid Level),"Cipher Tech Solutions, Inc",No office location,https://stackoverflow.com/jobs/561032
Junior Backend Developer - JAVA/Python,"JPMorgan Chase Bank, N.A.","Columbus, OH",https://stackoverflow.com/jobs/562902
Software Engineer (Migration),Odoo,"San Francisco, CA",https://stackoverflow.com/jobs/472407
UI Designer / Webentwickler (m/w/d) im Bereich Software Entwicklung,ASCon Systems GmbH,"Stuttgart, Deutschland",https://stackoverflow.com/jobs/556442
UI Software Engineer - Team Lead - Rates eTrading - Vice President,"JPMorgan Chase Bank, N.A.","London, UK",https://stackoverflow.com/jobs/562060
Frontend Developer - for a cloud-based language training solution,Speexx,No office location,https://stackoverflow.com/jobs/524579
Remote Senior Software Engineer,O'Reilly Auto Parts,No office location,https://stackoverflow.com/jobs/560134
Staff Software Engineer - OPEN TO REMOTE,The RealReal,No office location,https://stackoverflow.com/jobs/530699
Fullstack Java Software Engineer,"JPMorgan Chase Bank, N.A.","Chicago, IL",https://stackoverflow.com/jobs/561654
UI Designer / Webentwickler (m/w/d) im Bereich Software Entwicklung,ASCon Systems GmbH,"Stuttgart, Deutschland",https://stackoverflow.com/jobs/556442
Frontend Developer - for a cloud-based language training solution,Speexx,No office location,https://stackoverflow.com/jobs/524579
Java Software Engineer,"JPMorgan Chase Bank, N.A.","Columbus, OH",https://stackoverflow.com/jobs/561694
Staff Software Engineer - OPEN TO REMOTE,The RealReal,No office location,https://stackoverflow.com/jobs/530699
Senior Front End Engineer (Remote),Slido,"Bratislava, Slovakia",https://stackoverflow.com/jobs/519966
UI Developer - Software Engineering,"JPMorgan Chase Bank, N.A.","Plano, TX",https://stackoverflow.com/jobs/561151
Senior Full Stack Web Engineer,Runtastic,"Linz, Austria",https://stackoverflow.com/jobs/561448
Senior Software Engineer - Frontend,VIZIO,"Denver, CO",https://stackoverflow.com/jobs/522670
Senior TypeScript and .Net Developer,MapLarge,"Atlanta, GA",https://stackoverflow.com/jobs/482097
"Full Stack Software Developer – C#, ASP.NET (m/w/d)",DOM Sicherheitstechnik GmbH & Co. KG,"Brühl, Deutschland",https://stackoverflow.com/jobs/561546
"(Senior) Frontend Engineer (m/w/d), Köln oder Gütersloh",Schüttflix GmbH,"Cologne, Germany",https://stackoverflow.com/jobs/525579
Senior Backend Software Engineer (US Only),"Pie Insurance Holdings, Inc.",No office location,https://stackoverflow.com/jobs/545524
Web Developer wanting to join a fast growing company,BigChange Ltd,"Leeds, UK",https://stackoverflow.com/jobs/268103
UI/ReactJS Software Engineer,"JPMorgan Chase Bank, N.A.","Houston, TX",https://stackoverflow.com/jobs/561469
"Senior Software Engineer, (Javascript/Typescript, React/Redux,Node)",Even Financial,"New York, NY",https://stackoverflow.com/jobs/546723
Senior Software Engineer,uShip,"Austin, TX",https://stackoverflow.com/jobs/537938
VP Java Software Engineer,"JPMorgan Chase Bank, N.A.","Jersey City, NJ",https://stackoverflow.com/jobs/562717
"Software Engineer, Web Platform [Mercari]",Mercari,"Tokyo, Japan",https://stackoverflow.com/jobs/562439
UK-Based Remote Full Stack Web Developer (Angular / NodeJS / AWS),WUSTL International,No office location,https://stackoverflow.com/jobs/518475
Frontend Developer,AudioValley,"Paris, France",https://stackoverflow.com/jobs/518187
React Developer - Are you available for the most recognized sports retailer ?,Pentalog,No office location,https://stackoverflow.com/jobs/554216
Software Engineering,"JPMorgan Chase Bank, N.A.","Houston, TX",https://stackoverflow.com/jobs/562218
Software Engineer,Odoo,"Ciudad de México, Mexico",https://stackoverflow.com/jobs/472421
Fullstack Software Developer (m/w/d) Open Source,Technische Universität Graz,"Graz, Österreich",https://stackoverflow.com/jobs/555422
Full Stack Java Software Engineer,"JPMorgan Chase Bank, N.A.","Plano, TX",https://stackoverflow.com/jobs/562111
Software Engineer,"JPMorgan Chase Bank, N.A.","Wilmington, DE",https://stackoverflow.com/jobs/562832
Junior JavaScript developer,SofteqviaInvest Lithuania,"Vilnius, Lithuania",https://stackoverflow.com/jobs/543978
Java Software Engineer,"JPMorgan Chase Bank, N.A.","Columbus, OH",https://stackoverflow.com/jobs/561694
Senior Front End Software Engineer - Poker,Gamesys Group,"London, UK",https://stackoverflow.com/jobs/559768
C# Developer für Webanwendungen (w/*/m),queo GmbH,"Dresden, Deutschland",https://stackoverflow.com/jobs/522414
Software Engineer - Articulate 360,Articulate Inc.,No office location,https://stackoverflow.com/jobs/508367
Senior Front End Engineer (Remote),Slido,"Bratislava, Slovakia",https://stackoverflow.com/jobs/519966
Back-End Engineer (m/w/d) Ruby,Labforward GmbH,"Berlin, Germany",https://stackoverflow.com/jobs/556127
Senior Software Engineer (Risk Management),tastyworks,"Chicago, IL",https://stackoverflow.com/jobs/556772
Software-Entwickler für JavaScript / Node.js Applikationen (m/w/d) [100% Remote,elunic AG,No office location,https://stackoverflow.com/jobs/557315
Senior TypeScript and .Net Developer,MapLarge,"Atlanta, GA",https://stackoverflow.com/jobs/482097
Senior Front-End JavaScript Engineer,Canva,"Sydney, Australia",https://stackoverflow.com/jobs/150823
Software Engineer - Java,"JPMorgan Chase Bank, N.A.","Glasgow, UK",https://stackoverflow.com/jobs/562917
Software Engineer (Front-End Typescript),Baker Hughes,"Cramlington, UK",https://stackoverflow.com/jobs/560596
Full Stack Developer (m/f/d),Yalwa GmbH,"Wiesbaden, Germany",https://stackoverflow.com/jobs/523538
Backend Java Developer,Tradeshift,"București, Romania",https://stackoverflow.com/jobs/533090
Full Stack Webdeveloper (m/f/d),starmobile GmbH,"Fulda, Deutschland",https://stackoverflow.com/jobs/392888
Senior Front-end Engineer,Reaktor,"Lisboa, Portugal",https://stackoverflow.com/jobs/554381
Senior Full-Stack Developer,eBay,"Amsterdam, Netherlands",https://stackoverflow.com/jobs/541472
Software Engineering,"JPMorgan Chase Bank, N.A.","Glasgow, UK",https://stackoverflow.com/jobs/562757
UK-Based Remote Full Stack Web Developer (Angular / NodeJS / AWS),WUSTL International,No office location,https://stackoverflow.com/jobs/518475
Full Stack Java Software Engineer,"JPMorgan Chase Bank, N.A.","Plano, TX",https://stackoverflow.com/jobs/562109
Backend Developer (m/w/d) remote,best it AG,"Berlin, Deutschland",https://stackoverflow.com/jobs/513393
Senior Fullstack Developer (m/w/d) - für E-Commerce Agentur in Bremen,hmmh multimediahaus AG,"Bremen, Deutschland",https://stackoverflow.com/jobs/527118
Software Engineer,"JPMorgan Chase Bank, N.A.","Wilmington, DE",https://stackoverflow.com/jobs/562832
Remote Software Architect,O'Reilly Auto Parts,No office location,https://stackoverflow.com/jobs/560133
Full Stack Software Engineering Lead,"JPMorgan Chase Bank, N.A.","Columbus, OH",https://stackoverflow.com/jobs/562913
Software Engineer - Articulate 360,Articulate Inc.,No office location,https://stackoverflow.com/jobs/508367
Junior JavaScript developer,SofteqviaInvest Lithuania,"Vilnius, Lithuania",https://stackoverflow.com/jobs/543978
C# Developer für Webanwendungen (w/*/m),queo GmbH,"Dresden, Deutschland",https://stackoverflow.com/jobs/522414
Backend Engineer - Tradeshift Engage,Tradeshift,"Aarhus, Denmark",https://stackoverflow.com/jobs/526909
"Senior Software Developer/Team Leader in Berlin, Hamburg, Göttingen or Abingdon",Evotec SE,"Berlin, Germany",https://stackoverflow.com/jobs/550234
Senior Full-Stack Developer,eBay,"Amsterdam, Netherlands",https://stackoverflow.com/jobs/541472
Fullstack Developer (m/w/d) remote,best it AG,"Berlin, Deutschland",https://stackoverflow.com/jobs/512059
Software Developers -  Gaming Tech,Derivco.,"Douglas, Isle of Man",https://stackoverflow.com/jobs/551468
Front End Software Engineer,Gruntwork,"San Francisco, CA",https://stackoverflow.com/jobs/559687
Back-End Engineer (m/w/d) Ruby,Labforward GmbH,"Berlin, Germany",https://stackoverflow.com/jobs/556127
Backend Developer (m/w/d) remote,best it AG,"Berlin, Deutschland",https://stackoverflow.com/jobs/513393
Software Engineer (Front-End Typescript),Baker Hughes,"Cramlington, UK",https://stackoverflow.com/jobs/560596
Intermediate Front-End Developer,Derivco.,"Umhlanga, South Africa",https://stackoverflow.com/jobs/528641
Full Stack Developer (m/f/d),Yalwa GmbH,"Wiesbaden, Germany",https://stackoverflow.com/jobs/523538
Software Entwickler (m/w/d) Schwerpunkt Scala / TypeScript / AWS,Süddeutsche Zeitung Digitale Medien GmbH,"München, Deutschland",https://stackoverflow.com/jobs/487076
Backend Java Developer,Tradeshift,"București, Romania",https://stackoverflow.com/jobs/533090
Full Stack Webdeveloper (m/f/d),starmobile GmbH,"Fulda, Deutschland",https://stackoverflow.com/jobs/392888
Cloud Automation Engineer,tribe29 GmbH,"München, Deutschland",https://stackoverflow.com/jobs/547843
Data Engineer - Where GovTech and FinTech Meet,PayIt,No office location,https://stackoverflow.com/jobs/557203
⌨️ Full-stack Software Development Engineer,Acho,"Boston, MA",https://stackoverflow.com/jobs/561831
Senior Full-Stack Developer,Kodify Media Group,No office location,https://stackoverflow.com/jobs/542034
Senior Software Engineer,"Jack Henry & Associates, Inc.®",No office location,https://stackoverflow.com/jobs/558523
Full Stack Java Software Engineer,"JPMorgan Chase Bank, N.A.","Plano, TX",https://stackoverflow.com/jobs/562109
(Senior) Frontend Developer,EXXETA AG,"München, Deutschland",https://stackoverflow.com/jobs/534485
Developer Frontend/ Backend/ Fullstack m/w/d,MARC O'POLO International GmbH,"Stephanskirchen, Deutschland",https://stackoverflow.com/jobs/519513
Backend Java Developer,Tradeshift,"București, Romania",https://stackoverflow.com/jobs/533090
Full Stack Webdeveloper (m/f/d),starmobile GmbH,"Fulda, Deutschland",https://stackoverflow.com/jobs/392888
Senior Fullstack Developer (m/w/d) - für E-Commerce Agentur in Bremen,hmmh multimediahaus AG,"Bremen, Deutschland",https://stackoverflow.com/jobs/527118
Cloud Automation Engineer,tribe29 GmbH,"München, Deutschland",https://stackoverflow.com/jobs/547843
Junior Java fejlesztő,UNIQA Raiffeisen Software Service Kft.,"Budapest, Ungarn",https://stackoverflow.com/jobs/515491
Data Engineer - Where GovTech and FinTech Meet,PayIt,No office location,https://stackoverflow.com/jobs/557203
Software Engineers,Eurovision Services,"Madrid, Spain",https://stackoverflow.com/jobs/504593
"Full Stack Software Engineer - React, REST, Java","JPMorgan Chase Bank, N.A.","Jersey City, NJ",https://stackoverflow.com/jobs/559705
Senior Software Developer Web (m/w/d) - Meckenheim (Bonn) / remote,"SThree Temp ExpertsviaProgressive, ein Geschäftszweig der SThree GmbH","Meckenheim, Deutschland",https://stackoverflow.com/jobs/524024
Software Engineering - Full Stack Java,"JPMorgan Chase Bank, N.A.","Jersey City, NJ",https://stackoverflow.com/jobs/562603
Senior Front-end Engineer,Reaktor,"Lisboa, Portugal",https://stackoverflow.com/jobs/554381
Software Engineer,Which?,"London, UK",https://stackoverflow.com/jobs/524001
Software Engineer,"JPMorgan Chase Bank, N.A.","Jersey City, NJ",https://stackoverflow.com/jobs/561592
Engineering Lead - Cairo - Egypt,Vezeeta,"Masr Al Jadidah, Egypt",https://stackoverflow.com/jobs/373791
Web Developer (m/f/d),Ravensburger AG,"Seattle, WA, USA",https://stackoverflow.com/jobs/497853
Front-end Developer,HOTMART,"Belo Horizonte, Brazil",https://stackoverflow.com/jobs/526776
Full-Stack Developer,FlexEarn,"London, UK",https://stackoverflow.com/jobs/485775
Full Stack Web Developer (m/w/d),EyeC GmbH,"Hamburg, Deutschland",https://stackoverflow.com/jobs/408137
Junior Software Engineer,Akselos S.A.,"Ho Chi Minh City, Vietnam",https://stackoverflow.com/jobs/411389
Software Engineering,"JPMorgan Chase Bank, N.A.","Jersey City, NJ",https://stackoverflow.com/jobs/561591
Senior Fullstack Engineer,Tradeshift,"Bucharest, Romania",https://stackoverflow.com/jobs/530234
Full Stack Engineer,NN Group N.V.,"Den Haag, Netherlands",https://stackoverflow.com/jobs/557647
Senior Front End Engineer,Demand.io,"Los Angeles, CA",https://stackoverflow.com/jobs/555644
"Full Stack Software Engineer - React, REST, Java","JPMorgan Chase Bank, N.A.","Jersey City, NJ",https://stackoverflow.com/jobs/559705
Software Engineering - Full Stack Java,"JPMorgan Chase Bank, N.A.","Jersey City, NJ",https://stackoverflow.com/jobs/562603
"Vice President, Software Engineering","JPMorgan Chase Bank, N.A.","Jersey City, NJ",https://stackoverflow.com/jobs/561330
Remote: Contract Senior Frontend Engineer,The Sensible Code Company,"Belfast, UK",https://stackoverflow.com/jobs/553617
Frontend Entwickler (w/m/d) React / JavaScript - bundesweit & Homeoffice,objective partner AG,"Weinheim, Deutschland",https://stackoverflow.com/jobs/550884
Engineering Lead - Cairo - Egypt,Vezeeta,"Masr Al Jadidah, Egypt",https://stackoverflow.com/jobs/373791
Senior Fullstack Engineer (Python/Django/React)- #12 of Top-100 Marketplaces,StyleSeat,No office location,https://stackoverflow.com/jobs/561047
Full Stack Software Engineer (Java/React),"JPMorgan Chase Bank, N.A.","Glasgow, UK",https://stackoverflow.com/jobs/562604
Software Engineering,"JPMorgan Chase Bank, N.A.","Jersey City, NJ",https://stackoverflow.com/jobs/561591
Software Engineering,"JPMorgan Chase Bank, N.A.","London, UK",https://stackoverflow.com/jobs/562891
Senior Front-end Developer,Marketer Technologies AS,"Oslo, Norway",https://stackoverflow.com/jobs/541502
Frontend Developer (m/w/d),RheinEnergie AG,"Köln, Deutschland",https://stackoverflow.com/jobs/506045
Senior Fullstack Engineer,Tradeshift,"Bucharest, Romania",https://stackoverflow.com/jobs/530234
Java/C++ Developer - Software Engineer,"JPMorgan Chase Bank, N.A.","Houston, TX",https://stackoverflow.com/jobs/560937
(Senior) C#/.NET Entwickler (m/w/d),MT AG - enabling the adaptive enterprise,"Ratingen, Deutschland",https://stackoverflow.com/jobs/336814
Java Software Engineer - Rates eTrading - VP,"JPMorgan Chase Bank, N.A.","London, UK",https://stackoverflow.com/jobs/560682
Full Stack Developer (m/w/d),"Sthree GmbHviaProgressive, ein Geschäftszweig der SThree GmbH","Dortmund, Deutschland",https://stackoverflow.com/jobs/524038
Software Engineer - (Java Spring / React),"JPMorgan Chase Bank, N.A.","Glasgow, UK",https://stackoverflow.com/jobs/562804
Senior Hybrid Web-App Developer,Platogo Interactive Entertainment GmbH,"Wien, Austria",https://stackoverflow.com/jobs/489573
Softwareentwickler:in (m/w/d) für den IT-Fachbereich Telematik,Kassenärztliche Vereinigung Schleswig-Holstein,"Weede, Deutschland",https://stackoverflow.com/jobs/561453
Senior Full Stack Engineer- IAM Branding,Auth0,No office location,https://stackoverflow.com/jobs/562777
(Junior) Frontend-Entwickler (m/w/d),Neopubli GmbH,"Berlin, Deutschland",https://stackoverflow.com/jobs/558734
Frontend Engineer (Angular) - Cloud Telephony (m/f/d),NFON AG,"Berlin, Deutschland",https://stackoverflow.com/jobs/505668
Junior Associate Software Engineer,"JPMorgan Chase Bank, N.A.","Houston, TX",https://stackoverflow.com/jobs/562211
Sr. UI Developer,"JPMorgan Chase Bank, N.A.","Plano, TX",https://stackoverflow.com/jobs/560344
Junior Associate Software Engineer,"JPMorgan Chase Bank, N.A.","Houston, TX",https://stackoverflow.com/jobs/562211
Senior Full Stack Engineer- IAM Branding,Auth0,No office location,https://stackoverflow.com/jobs/562777
(Junior) Frontend-Entwickler (m/w/d),Neopubli GmbH,"Berlin, Deutschland",https://stackoverflow.com/jobs/558734
Frontend Engineer (Angular) - Cloud Telephony (m/f/d),NFON AG,"Berlin, Deutschland",https://stackoverflow.com/jobs/505668
Senior Web Developer (m/f/d),PAYBACK,"München, Deutschland",https://stackoverflow.com/jobs/557600
Backend Engineer - Tradeshift Engage,Tradeshift,"Aarhus, Denmark",https://stackoverflow.com/jobs/526909
Web-Frontend-Entwickler (m/w/d),Real Estate Pilot AG,"Leipzig, Deutschland",https://stackoverflow.com/jobs/559038
Software Engineer - Java,"JPMorgan Chase Bank, N.A.","Glasgow, UK",https://stackoverflow.com/jobs/561894
Software Developers -  Gaming Tech,Derivco.,"Douglas, Isle of Man",https://stackoverflow.com/jobs/551468
"Full-Stack fejlesztő (Angular, Java)",UNIQA Raiffeisen Software Service Kft.,"Budapest, Ungarn",https://stackoverflow.com/jobs/515488
Web/Mobile Developer (m/w/d),Dedalus HealthCare Systems Group,"Trier, Deutschland",https://stackoverflow.com/jobs/482358
Frontend Entwickler (w/m/d) Angular / Typescript - bundesweit & Homeoffice,objective partner AG,"Weinheim, Deutschland",https://stackoverflow.com/jobs/550883
Senior Software Engineer / Ruby or Elixir/ Remote,The RealReal,No office location,https://stackoverflow.com/jobs/522850
React - Front End Developer,Kindred Group PLC,"Stockholm, Sweden",https://stackoverflow.com/jobs/544512
React - Front End Developer,Kindred Group PLC,"London, UK",https://stackoverflow.com/jobs/544509
Full-Stack Java Software Engineering,"JPMorgan Chase Bank, N.A.","Columbus, OH",https://stackoverflow.com/jobs/560496
Java FullStack SE - Looking to disrupt the Mortgage Industry!,"Cardinal Financial Company, LP",No office location,https://stackoverflow.com/jobs/350467
"Senior/Staff Full Stack Software Engineer - Java, Angular",Jirav,"Austin, TX",https://stackoverflow.com/jobs/562588
Backend Engineer -Working in Japan,LINE Fukuoka,"Fukuoka, Japan",https://stackoverflow.com/jobs/273843
(Senior) Full Stack Engineer (f/m/d),CoachHub GmbH,No office location,https://stackoverflow.com/jobs/504203
Software Engineering,"JPMorgan Chase Bank, N.A.","Plano, TX",https://stackoverflow.com/jobs/562867
React Native / Mobile Engineer (f/m/d),CoachHub GmbH,No office location,https://stackoverflow.com/jobs/504201
Fullstack Software Engineer,"JPMorgan Chase Bank, N.A.","Plano, TX",https://stackoverflow.com/jobs/562258
Software Engineer Fullstack,PedidosYa,No office location,https://stackoverflow.com/jobs/553001
Senior Software Engineer - Equity,Bloomberg LP,"New York, NY",https://stackoverflow.com/jobs/516632
Senior Software Developer Web (m/w/d) - Meckenheim (Bonn) / remote,"SThree Temp ExpertsviaProgressive, ein Geschäftszweig der SThree GmbH","Meckenheim, Deutschland",https://stackoverflow.com/jobs/524024
"Vice President, Software Engineer Lead","JPMorgan Chase Bank, N.A.","Columbus, OH",https://stackoverflow.com/jobs/561323
Senior Entwickler Konfigurator (m/w/d),BUCS IT GmbH,"Wuppertal, Deutschland",https://stackoverflow.com/jobs/561560
PHP Full Stack Entwickler (m/w/d),Doopic GmbH,"Berlin, Deutschland",https://stackoverflow.com/jobs/556882
UX Developer,Portland Webworks,"Portland, ME",https://stackoverflow.com/jobs/524306
"UI Designer / Frontend Developer (m,f,d)",Worldline,"Aachen, Deutschland",https://stackoverflow.com/jobs/538105
Senior Full-Stack Developer,Derivco.,"Umhlanga, South Africa",https://stackoverflow.com/jobs/528652
Java/Angular Full Stack Software Engineer,"JPMorgan Chase Bank, N.A.","Houston, TX",https://stackoverflow.com/jobs/562617
Frontend-Anwendungsentwickler (m/w/d) für die Einheit Online Sales Services,Generali AG,"Aachen, Deutschland",https://stackoverflow.com/jobs/561215
Software Engineering,"JPMorgan Chase Bank, N.A.","Jersey City, NJ",https://stackoverflow.com/jobs/561591
Senior Fullstack Engineer,Tradeshift,"Bucharest, Romania",https://stackoverflow.com/jobs/530234
Web-Entwickler (m/w/d),DEHOGA Baden-Württemberg e.V.,"Stuttgart, Deutschland",https://stackoverflow.com/jobs/556137
INHOUSE WEB­ENTWICKLER FÜR EINE BAHNBRECHENDE IDEE (M/W/D),WEILING GMBH,"Coesfeld, Deutschland",https://stackoverflow.com/jobs/562763
QA Intern for enterprise consumer facing sites,Hearst Magazines,"Chicago, IL",https://stackoverflow.com/jobs/526759
Software Engineering,"JPMorgan Chase Bank, N.A.","Plano, TX",https://stackoverflow.com/jobs/562702
Developer (Focus Backend) who loves to work on the Green Energy Transformation,HYDROGRID GmbH,"Vienna, Austria",https://stackoverflow.com/jobs/562576
Full Stack Engineer,NN Group N.V.,"Den Haag, Netherlands",https://stackoverflow.com/jobs/557647
Software Engineer ( JADE Catalog ) - Java - VP,"JPMorgan Chase Bank, N.A.","Glasgow, UK",https://stackoverflow.com/jobs/562501
Senior Web Angular Developer,MHR,"Nottingham, UK",https://stackoverflow.com/jobs/524829
Senior Webentwickler/in (80-100%),bbv Software Services AG,"Zürich, Schweiz",https://stackoverflow.com/jobs/431192
Senior React Developer,UWM,"Pontiac, MI",https://stackoverflow.com/jobs/494546
Software Engineering Java -Vice President,"JPMorgan Chase Bank, N.A.","Jersey City, NJ",https://stackoverflow.com/jobs/560495
Senior Frontend/UI Software Engineer,"JPMorgan Chase Bank, N.A.","Wilmington, DE",https://stackoverflow.com/jobs/559887
Web Producer,Computer FuturesviaComputer Futures US,"San Francisco, CA",https://stackoverflow.com/jobs/525011
Full Stack Java Developer - Angular/Microservices,"JPMorgan Chase Bank, N.A.","Plano, TX",https://stackoverflow.com/jobs/559830
Software Engineer,"JPMorgan Chase Bank, N.A.","Wilmington, DE",https://stackoverflow.com/jobs/562147
Software Engineer,"JPMorgan Chase Bank, N.A.","Wilmington, DE",https://stackoverflow.com/jobs/562145
Software Entwickler (m/w/d) Java Webtechnologien,diconium GmbHviaComputer Futures Solutions GmbH,"Stuttgart, Deutschland",https://stackoverflow.com/jobs/526166
Senior Web Applications Engineer with NodeJS and React,"JPMorgan Chase Bank, N.A.","Houston, TX",https://stackoverflow.com/jobs/562611
Software Engineering,"JPMorgan Chase Bank, N.A.","Glasgow, UK",https://stackoverflow.com/jobs/561224
Java Software engineer,ProgressiveviaProgressive Staffing Netherlands,"Amsterdam, Netherlands",https://stackoverflow.com/jobs/530992
Full-Stack Java Software Engineering,"JPMorgan Chase Bank, N.A.","Columbus, OH",https://stackoverflow.com/jobs/560496
Software Developer (m/w/d) Business Intelligence & Microsoft Azure,Bissantz & Company GmbH,"Nürnberg, Deutschland",https://stackoverflow.com/jobs/558736
Software Engineering,"JPMorgan Chase Bank, N.A.","Houston, TX",https://stackoverflow.com/jobs/560179
Core Java Software Engineer,"JPMorgan Chase Bank, N.A.","Jersey City, NJ",https://stackoverflow.com/jobs/562374
Senior Entwickler Konfigurator (m/w/d),BUCS IT GmbH,"Wuppertal, Deutschland",https://stackoverflow.com/jobs/561560
PHP Full Stack Entwickler (m/w/d),Doopic GmbH,"Berlin, Deutschland",https://stackoverflow.com/jobs/556882
Software Engineering,"JPMorgan Chase Bank, N.A.","Plano, TX",https://stackoverflow.com/jobs/562867
"UI Designer / Frontend Developer (m,f,d)",Worldline,"Aachen, Deutschland",https://stackoverflow.com/jobs/538105
INHOUSE WEB­ENTWICKLER FÜR EINE BAHNBRECHENDE IDEE (M/W/D),WEILING GMBH,"Coesfeld, Deutschland",https://stackoverflow.com/jobs/562763
Front-end Developer (f/m/d) Remote - WordPress Enterprise Projects,Inpsyde GmbH,No office location,https://stackoverflow.com/jobs/229477
Senior Full-Stack Developer,Derivco.,"Umhlanga, South Africa",https://stackoverflow.com/jobs/528652
React Native / Mobile Engineer (f/m/d),CoachHub GmbH,No office location,https://stackoverflow.com/jobs/504201
Software Engineering,"JPMorgan Chase Bank, N.A.","Plano, TX",https://stackoverflow.com/jobs/562702
Angular/React UI Software Engineer Lead,"JPMorgan Chase Bank, N.A.","Plano, TX",https://stackoverflow.com/jobs/561610
SAP Fiori / SAP UI5 Developer (m/w/d),B.i.TEAM Gesellschaft für Softwareberatung mbH,"Karlsruhe, Deutschland",https://stackoverflow.com/jobs/560391
Senior Software Engineer,"JPMorgan Chase Bank, N.A.","Wilmington, DE",https://stackoverflow.com/jobs/562143
Software Engineer Fullstack,PedidosYa,No office location,https://stackoverflow.com/jobs/553001
Sr. UI Developer,"JPMorgan Chase Bank, N.A.","Plano, TX",https://stackoverflow.com/jobs/560344
Full Stack Senior Software Engineer,"JPMorgan Chase Bank, N.A.","Chicago, IL",https://stackoverflow.com/jobs/560279
Java Software engineer,ProgressiveviaProgressive Staffing Netherlands,"Amsterdam, Netherlands",https://stackoverflow.com/jobs/530992
Senior Software Engineer,Susco,"Metairie, LA",https://stackoverflow.com/jobs/561838
Software Engineering,"JPMorgan Chase Bank, N.A.","Plano, TX",https://stackoverflow.com/jobs/561942
Software Developer (m/w/d) Business Intelligence & Microsoft Azure,Bissantz & Company GmbH,"Nürnberg, Deutschland",https://stackoverflow.com/jobs/558736
Softwareentwickler GUI / JavaScript (w/m/d),AVM GmbH,"Berlin, Deutschland",https://stackoverflow.com/jobs/559637
Front-end Developer (f/m/d) Remote - WordPress Enterprise Projects,Inpsyde GmbH,No office location,https://stackoverflow.com/jobs/229477
MOBILE APP DEVELOPER (m/w/x),Axess AG,"Anif, Österreich",https://stackoverflow.com/jobs/457890
Software Engineering,"JPMorgan Chase Bank, N.A.","Columbus, OH",https://stackoverflow.com/jobs/560365
Lead Frontend Engineer,SyncSmart.io (by LyntonWeb.com),No office location,https://stackoverflow.com/jobs/519814
Angular/React UI Software Engineer Lead,"JPMorgan Chase Bank, N.A.","Plano, TX",https://stackoverflow.com/jobs/561608
Senior Software Engineer (Java/GraphQL/React) - VP,"JPMorgan Chase Bank, N.A.","Glasgow, UK",https://stackoverflow.com/jobs/561665
SAP Fiori / SAP UI5 Developer (m/w/d),B.i.TEAM Gesellschaft für Softwareberatung mbH,"Karlsruhe, Deutschland",https://stackoverflow.com/jobs/560391
Senior Software Engineer,"JPMorgan Chase Bank, N.A.","Wilmington, DE",https://stackoverflow.com/jobs/562143
Software Engineer,"JPMorgan Chase Bank, N.A.","Wilmington, DE",https://stackoverflow.com/jobs/562157
Senior Software Engineer,"JPMorgan Chase Bank, N.A.","Wilmington, DE",https://stackoverflow.com/jobs/562142
(Senior) Software Engineer Magnolia CMS,ti&m AG,"Zürich, Schweiz",https://stackoverflow.com/jobs/522313
KI-Entwickler (m/d/w),CompuGroup Medical Deutschland AGviaComputer Futures Solutions GmbH,"Koblenz, Deutschland",https://stackoverflow.com/jobs/524932
Software Engineering,"JPMorgan Chase Bank, N.A.","Jersey City, NJ",https://stackoverflow.com/jobs/562134
QA Automation Engineer,Just eat Takeaway.com,"Enschede, Netherlands",https://stackoverflow.com/jobs/548812
Full Stack Software Engineer,"JPMorgan Chase Bank, N.A.","Jersey City, NJ",https://stackoverflow.com/jobs/560014
Senior Software Engineer Liferay,ti&m AG,"Zürich, Schweiz",https://stackoverflow.com/jobs/522316
Angular/React UI Software Engineer Lead,"JPMorgan Chase Bank, N.A.","Plano, TX",https://stackoverflow.com/jobs/561609
"Fullstack Software Engineering (Java, Python)","JPMorgan Chase Bank, N.A.","Columbus, OH",https://stackoverflow.com/jobs/560907
Java Developer – Backend & Integration (*),ista International GmbH,"Essen, Deutschland",https://stackoverflow.com/jobs/558017
Cloud Native Java Software Engineering,"JPMorgan Chase Bank, N.A.","Chicago, IL",https://stackoverflow.com/jobs/560942
Software Engineering,"JPMorgan Chase Bank, N.A.","Columbus, OH",https://stackoverflow.com/jobs/560915
Software Developer (Java/GraphQL/React),"JPMorgan Chase Bank, N.A.","Plano, TX",https://stackoverflow.com/jobs/561695
Fullstack Java Developer - for a cloud-based language training solution,Speexx,No office location,https://stackoverflow.com/jobs/521936
Senior Software Quality Assurance Engineer,ChargeItSpot,"Philadelphia, PA",https://stackoverflow.com/jobs/561731
Senior JavaScript Developer,Accenture Romania,"Bucharest, Romania",https://stackoverflow.com/jobs/525564
JAVA Software Engineer-Cloud,"JPMorgan Chase Bank, N.A.","Wilmington, DE",https://stackoverflow.com/jobs/562798
Software Engineering Lead,"JPMorgan Chase Bank, N.A.","Chicago, IL",https://stackoverflow.com/jobs/561612
C# Full Stack Engineer - cxLoyalty,"JPMorgan Chase Bank, N.A.","Plano, TX",https://stackoverflow.com/jobs/561745
Java Software Engineer,"JPMorgan Chase Bank, N.A.","Glasgow, UK",https://stackoverflow.com/jobs/561749
Java Software Engineer,"JPMorgan Chase Bank, N.A.","Tampa, FL",https://stackoverflow.com/jobs/561482
UX Frontend Developer (Angular) (m/w/d),CIS Solutions GmbH,"Ismaning, Deutschland",https://stackoverflow.com/jobs/383538
Lead Software Engineer,"JPMorgan Chase Bank, N.A.","Wilmington, DE",https://stackoverflow.com/jobs/562148
Software Engineer - QA Automation,"JPMorgan Chase Bank, N.A.","Plano, TX",https://stackoverflow.com/jobs/561363
Front End UI Developer,"JPMorgan Chase Bank, N.A.","Chicago, IL",https://stackoverflow.com/jobs/562800
Full Stack Engineer (Application Engineer),Rakuten,"Setagaya City, Japan",https://stackoverflow.com/jobs/527726
CCB-Marketing and Communications-Adobe Experience Manager (AEM) front end developer,"JPMorgan Chase Bank, N.A.","Houston, TX",https://stackoverflow.com/jobs/561865
Software Engineer - Java,"JPMorgan Chase Bank, N.A.","Jersey City, NJ",https://stackoverflow.com/jobs/559979
Software Engineering - ACE 2,"JPMorgan Chase Bank, N.A.","Plano, TX",https://stackoverflow.com/jobs/561759
Software-Entwickler & Software-Architekt (m/w/d),Method Park,"München, Deutschland",https://stackoverflow.com/jobs/548553
Software Developer (Java/GraphQL/React),"JPMorgan Chase Bank, N.A.","Plano, TX",https://stackoverflow.com/jobs/562197
React/JS Full Stack Developer,"JPMorgan Chase Bank, N.A.","Houston, TX",https://stackoverflow.com/jobs/561617
UX / Front End Developer,"JPMorgan Chase Bank, N.A.","Tampa, FL",https://stackoverflow.com/jobs/559833
Full Stack Java Engineer,"JPMorgan Chase Bank, N.A.","Jersey City, NJ",https://stackoverflow.com/jobs/562177
Front-End Engineer,Mixam,"Watford, UK",https://stackoverflow.com/jobs/523992
UI Developer Lead,"JPMorgan Chase Bank, N.A.","Plano, TX",https://stackoverflow.com/jobs/562264
Full Stack Developer,Ensign InfoSecurity (Cybersecurity) Pte Ltd,Singapore,https://stackoverflow.com/jobs/534276
Software Engineering,"JPMorgan Chase Bank, N.A.","Jersey City, NJ",https://stackoverflow.com/jobs/560959
Softwareentwickler GUI / JavaScript (w/m/d),AVM GmbH,"Berlin, Deutschland",https://stackoverflow.com/jobs/559637
Full Stack Senior Software Engineer,"JPMorgan Chase Bank, N.A.","Chicago, IL",https://stackoverflow.com/jobs/560279
Lead Frontend Engineer,SyncSmart.io (by LyntonWeb.com),No office location,https://stackoverflow.com/jobs/519814
Frontend Javascript/React Developer,"JPMorgan Chase Bank, N.A.","Houston, TX",https://stackoverflow.com/jobs/561522
Angular/React UI Software Engineer Lead,"JPMorgan Chase Bank, N.A.","Plano, TX",https://stackoverflow.com/jobs/561608
Software Engineering,"JPMorgan Chase Bank, N.A.","Houston, TX",https://stackoverflow.com/jobs/560514
Software Engineering- Sr Java,"JPMorgan Chase Bank, N.A.","Glasgow, UK",https://stackoverflow.com/jobs/562820
PHP (FullStack) Entwickler (m/w/d) 100% Remote,Computer FuturesviaComputer Futures Solutions GmbH,"Dortmund, Germany",https://stackoverflow.com/jobs/524216
Software Engineering,"JPMorgan Chase Bank, N.A.","Columbus, OH",https://stackoverflow.com/jobs/562833
Software Engineering,"JPMorgan Chase Bank, N.A.","Plano, TX",https://stackoverflow.com/jobs/561942
Senior Java Software Developer - Architecture Governance,"JPMorgan Chase Bank, N.A.","Wilmington, DE",https://stackoverflow.com/jobs/561242
Senior Full Stack Java Software Engineer with Microservices experience,"JPMorgan Chase Bank, N.A.","Houston, TX",https://stackoverflow.com/jobs/562791
Software Engineering,"JPMorgan Chase Bank, N.A.","Jersey City, NJ",https://stackoverflow.com/jobs/560644
Senior Software Engineer,Susco,"Metairie, LA",https://stackoverflow.com/jobs/561838
Senior Software Engineer (Java/GraphQL/React) - VP,"JPMorgan Chase Bank, N.A.","Glasgow, UK",https://stackoverflow.com/jobs/561665
Software Engineer,"JPMorgan Chase Bank, N.A.","Wilmington, DE",https://stackoverflow.com/jobs/562157
Senior Frontend Engineer,Adevinta,"Milan, Italy",https://stackoverflow.com/jobs/561708
Software Engineering,"JPMorgan Chase Bank, N.A.","Jersey City, NJ",https://stackoverflow.com/jobs/562134
QA Automation Engineer,Just eat Takeaway.com,"Enschede, Netherlands",https://stackoverflow.com/jobs/548812
Software Engineering Lead,"JPMorgan Chase Bank, N.A.","Columbus, OH",https://stackoverflow.com/jobs/559814
Full Stack Software Engineer,"JPMorgan Chase Bank, N.A.","Jersey City, NJ",https://stackoverflow.com/jobs/560014
Senior Software Engineer Liferay,ti&m AG,"Zürich, Schweiz",https://stackoverflow.com/jobs/522316
Sr. Software Engineer (eTrading),"JPMorgan Chase Bank, N.A.","Chicago, IL",https://stackoverflow.com/jobs/559818
Entwicklungsredakteur (m/w/d),ZEIT Verlagsgruppe,"Berlin, Deutschland",https://stackoverflow.com/jobs/562662
Senior Front End Developer,Kindred Group PLC,Gibraltar,https://stackoverflow.com/jobs/554862
Java Developer - Spring boot / Microservices,"JPMorgan Chase Bank, N.A.","Plano, TX",https://stackoverflow.com/jobs/561897
React/Javascript Frontend Senior Developer,Providus Technologies Limited,"Quatre Bornes, Mauritius",https://stackoverflow.com/jobs/518632
PHP Developer (m/f/d)cbased in the Erlangen,Ganz & Stock,"Erlangen, Deutschland",https://stackoverflow.com/jobs/561024
VP - Lead Software Engineer,"JPMorgan Chase Bank, N.A.","Plano, TX",https://stackoverflow.com/jobs/561990
Web developer,Intel Corporation,"Moscow, Russia",https://stackoverflow.com/jobs/530450
Associate Software Engineer,"JPMorgan Chase Bank, N.A.","Wilmington, DE",https://stackoverflow.com/jobs/562889
Core Java Software Engineer,"JPMorgan Chase Bank, N.A.","Jersey City, NJ",https://stackoverflow.com/jobs/562374
Java Software Engineer,"JPMorgan Chase Bank, N.A.","Wilmington, DE",https://stackoverflow.com/jobs/560652
Web Engineer,Numbrs,No office location,https://stackoverflow.com/jobs/524105
Software Engineering - ACE 4,"JPMorgan Chase Bank, N.A.","Plano, TX",https://stackoverflow.com/jobs/561687
Software Engineering,"JPMorgan Chase Bank, N.A.","Jersey City, NJ",https://stackoverflow.com/jobs/560959
Full Stack Java Developer - Angular/Microservices,"JPMorgan Chase Bank, N.A.","Plano, TX",https://stackoverflow.com/jobs/559830
Java Software Engineer,"JPMorgan Chase Bank, N.A.","Wilmington, DE",https://stackoverflow.com/jobs/561373
Angular/React UI Software Engineer Lead,"JPMorgan Chase Bank, N.A.","Plano, TX",https://stackoverflow.com/jobs/561610
UI Developer Lead,"JPMorgan Chase Bank, N.A.","Plano, TX",https://stackoverflow.com/jobs/562264
Software Engineering (Java Houston),"JPMorgan Chase Bank, N.A.","Houston, TX",https://stackoverflow.com/jobs/561666
Senior Software Engineer (Java/GraphQL/React) - VP,"JPMorgan Chase Bank, N.A.","Plano, TX",https://stackoverflow.com/jobs/562198
JAVA Software Engineer,"JPMorgan Chase Bank, N.A.","Wilmington, DE",https://stackoverflow.com/jobs/561538
Java Developer,"JPMorgan Chase Bank, N.A.","Plano, TX",https://stackoverflow.com/jobs/561898
Software Engineering Lead,"JPMorgan Chase Bank, N.A.","Plano, TX",https://stackoverflow.com/jobs/560264
Senior UI/UX Developer,"JPMorgan Chase Bank, N.A.","Houston, TX",https://stackoverflow.com/jobs/561764
Senior Test Automation Engineer (m/f/d),PAYBACK,"München, Deutschland",https://stackoverflow.com/jobs/542160
VP - Lead Software Engineer,"JPMorgan Chase Bank, N.A.","Plano, TX",https://stackoverflow.com/jobs/561990
UI Developer Lead,"JPMorgan Chase Bank, N.A.","Plano, TX",https://stackoverflow.com/jobs/562264
Site Reliability Engineer (SRE/DevOps) – Live Services,Creative Assembly,"Horsham, UK",https://stackoverflow.com/jobs/562570
React Frontend Entwickler (m/w/d),atene KOMviaComputer Futures Solutions GmbH,"Berlin, Germany",https://stackoverflow.com/jobs/503123
Front Office Python Developer - Synthetic Delta-1,"JPMorgan Chase Bank, N.A.","Glasgow, UK",https://stackoverflow.com/jobs/561233
Sr. Java Full-Stack Developer,"JPMorgan Chase Bank, N.A.","Houston, TX",https://stackoverflow.com/jobs/562759
Entwicklungsredakteur (m/w/d),ZEIT Verlagsgruppe,"Berlin, Deutschland",https://stackoverflow.com/jobs/562662
Frontend Javascript/React Developer,"JPMorgan Chase Bank, N.A.","Houston, TX",https://stackoverflow.com/jobs/561522
Senior Java Software Developer - Architecture Governance,"JPMorgan Chase Bank, N.A.","Wilmington, DE",https://stackoverflow.com/jobs/561242
Software Engineering- Sr Java,"JPMorgan Chase Bank, N.A.","Glasgow, UK",https://stackoverflow.com/jobs/562820
Lead Angular Engineer - Signing Bonus,Movemedical,"North Logan, UT",https://stackoverflow.com/jobs/561461
PHP (FullStack) Entwickler (m/w/d) 100% Remote,Computer FuturesviaComputer Futures Solutions GmbH,"Dortmund, Germany",https://stackoverflow.com/jobs/524216
Senior Front End Developer,Gamesys Group,"London, UK",https://stackoverflow.com/jobs/559765
Software Engineering - ACE 4,"JPMorgan Chase Bank, N.A.","Plano, TX",https://stackoverflow.com/jobs/561687
Sr. Software Engineer (eTrading),"JPMorgan Chase Bank, N.A.","Chicago, IL",https://stackoverflow.com/jobs/559818
Javascript Reverse Engineer,eyeo GmbH,No office location,https://stackoverflow.com/jobs/561553
Web Engineer,Numbrs,No office location,https://stackoverflow.com/jobs/524105
Fullstack Web-Entwickler PHP/React (m/w/d) für E-Commerce Agentur aus Bremen,hmmh multimediahaus AG,No office location,https://stackoverflow.com/jobs/526714
Senior UI- und UX-Designer (m/w/d) für die Einheit Online Sales Services,Generali AG,"Aachen, Deutschland",https://stackoverflow.com/jobs/561217
Senior Front End Developer,Kindred Group PLC,Gibraltar,https://stackoverflow.com/jobs/554862
Senior Frontend Engineer,Adevinta,"Milan, Italy",https://stackoverflow.com/jobs/561708
Full Stack/Backend Java Engineer,"JPMorgan Chase Bank, N.A.","Plano, TX",https://stackoverflow.com/jobs/562078
React/Javascript Frontend Senior Developer,Providus Technologies Limited,"Quatre Bornes, Mauritius",https://stackoverflow.com/jobs/518632
Software Engineering Lead,"JPMorgan Chase Bank, N.A.","Plano, TX",https://stackoverflow.com/jobs/560264
"Senior Fullstack Engineer (Java, Angular)",Celonis,"Munich, Germany",https://stackoverflow.com/jobs/551992
Sr React Software Engineer,"JPMorgan Chase Bank, N.A.","Houston, TX",https://stackoverflow.com/jobs/562051
J2EE Applikationsentwickler/-in im Webumfeld auf Basis von Angular,Coop Genossenschaft,"Basel, Schweiz",https://stackoverflow.com/jobs/485302
"Senior Fullstack Engineer (Java, Angular)",Celonis,"Munich, Germany",https://stackoverflow.com/jobs/551992
JAVA Software Engineer,"JPMorgan Chase Bank, N.A.","Wilmington, DE",https://stackoverflow.com/jobs/561538
Associate Software Engineer,"JPMorgan Chase Bank, N.A.","Wilmington, DE",https://stackoverflow.com/jobs/562889
Full Stack Developer .Net Core/React.js,Compliance Solutions Strategies,"New York, NY",https://stackoverflow.com/jobs/551488
Senior Test Automation Engineer (m/f/d),PAYBACK,"München, Deutschland",https://stackoverflow.com/jobs/542160
Associate Full Stack Software Developer,"JPMorgan Chase Bank, N.A.","Plano, TX",https://stackoverflow.com/jobs/562043
TypeScript Developer,Remote Crew LDA,No office location,https://stackoverflow.com/jobs/562579
Software Engineering (Java Houston),"JPMorgan Chase Bank, N.A.","Houston, TX",https://stackoverflow.com/jobs/561666
Software Engineer,"JPMorgan Chase Bank, N.A.","Columbus, OH",https://stackoverflow.com/jobs/560481
Java Developer,"JPMorgan Chase Bank, N.A.","Plano, TX",https://stackoverflow.com/jobs/561898
Experienced Front-end Developer,F-Secure,"Helsinki, Finland",https://stackoverflow.com/jobs/552301
Infrastructure Engineering,"JPMorgan Chase Bank, N.A.","Plano, TX",https://stackoverflow.com/jobs/562700
Senior Full Stack Web Developer,MapLarge,"Atlanta, GA",https://stackoverflow.com/jobs/99708
UX und UI Designer (m/w/d) für Webanwendungen und Apps,Generali AG,"Hamburg, Deutschland",https://stackoverflow.com/jobs/559754
Software Engineering,"JPMorgan Chase Bank, N.A.","Plano, TX",https://stackoverflow.com/jobs/560173
Backend-Entwickler (m/w/d),Heimrich & Hannot GmbH,"Dresden, Deutschland",https://stackoverflow.com/jobs/562415
Principal Software Web Architect,Corin GroupviaReal Staffing US,"Milpitas, CA",https://stackoverflow.com/jobs/522603
Senior Backend Developer (m/w/d),best it AG,"Berlin, Deutschland",https://stackoverflow.com/jobs/349422
FRONTEND React JS Lead/Senior Developers; 3 Day Weekend; Distributed Team,Laminar,No office location,https://stackoverflow.com/jobs/500256
Vice President - Full Stack Software Engineer,"JPMorgan Chase Bank, N.A.","Plano, TX",https://stackoverflow.com/jobs/562006
Platform Manager / Webmaster (m/w/d),Verband der Auto­mobil­indu­strie e. V. (VDA),"Berlin, Deutschland",https://stackoverflow.com/jobs/557614
Senior Full Stack Laravel & Vue.js,Worksome ApS,"København, Denmark",https://stackoverflow.com/jobs/503422
C# / .NET Developer (f/m/d),Fusonic,"Götzis, Austria",https://stackoverflow.com/jobs/232275
Lead Java Software Engineer,"JPMorgan Chase Bank, N.A.","Wilmington, DE",https://stackoverflow.com/jobs/561933
Senior Full Stack Laravel & Vue.js,Worksome ApS,"København, Denmark",https://stackoverflow.com/jobs/503422
C# / .NET Developer (f/m/d),Fusonic,"Götzis, Austria",https://stackoverflow.com/jobs/232275
FrontEnd/BackEnd Developer (602),"JPMorgan Chase Bank, N.A.","Plano, TX",https://stackoverflow.com/jobs/559692
Software Developer Team Lead,Derivco.,"Umhlanga, South Africa",https://stackoverflow.com/jobs/528640
.NET Developer,Accenture Romania,No office location,https://stackoverflow.com/jobs/550598
Software Engineer (Front End),"JPMorgan Chase Bank, N.A.","Houston, TX",https://stackoverflow.com/jobs/559849
Java Developer,MUFG,"New York, NY",https://stackoverflow.com/jobs/559436
Sr. Full Stack Engineer- Convertus,AutoTrader,"Toronto, ON, Canada",https://stackoverflow.com/jobs/529014
Senior Full Stack Developer,AutoRek,"Edinburgh, UK",https://stackoverflow.com/jobs/520638
Full Stack Developer (m/w/d),Dedalus HealthCare Systems Group,"Trier, Deutschland",https://stackoverflow.com/jobs/482360
UI Developer,"JPMorgan Chase Bank, N.A.","Plano, TX",https://stackoverflow.com/jobs/561378
Senior Frontend Engineer (React + Typescript),Bigblue,"Paris, France",https://stackoverflow.com/jobs/505291
Front End Engineer,"BizzyCar, Inc.","Denver, CO",https://stackoverflow.com/jobs/557033
Backend Developer (m/w/d),best it AG,"Berlin, Deutschland",https://stackoverflow.com/jobs/365057
Senior / Principal Frontend Engineer,Mobiquity Europe,"Amsterdam, Netherlands",https://stackoverflow.com/jobs/540743
Lead Software Engineer,Vodafone,"London, UK",https://stackoverflow.com/jobs/533128
iOS / Swift Developer (Remote),X-Team,No office location,https://stackoverflow.com/jobs/534448
IOS Developer - Object-C and Swift,Cornershop,"São Paulo, Brazil",https://stackoverflow.com/jobs/515694
Front Office Python Developer - Synthetic Delta-1,"JPMorgan Chase Bank, N.A.","Glasgow, UK",https://stackoverflow.com/jobs/561233
Fullstack Entwickler (m/w/d) in Hamburg,Computer FuturesviaComputer Futures Solutions GmbH,"Hamburg, Germany",https://stackoverflow.com/jobs/522732
(Senior-)PHP-Fullstack-Web-Entwickler (m/w/d),Curacado GmbH,"Planegg, Deutschland",https://stackoverflow.com/jobs/562279
IT Infrastructure Engineer/Automation Developer,"JPMorgan Chase Bank, N.A.","Columbus, OH",https://stackoverflow.com/jobs/562602
Sr Lead Software Developer – Salesforce and Vlocity,Lumen,"Littleton, CO",https://stackoverflow.com/jobs/360841
Senior Java Entwickler/ Architekt (m/w/d),Optica Abrechnungszentrum Dr Güldener GmbHviaComputer Futures Solutions GmbH,"Stuttgart, Deutschland",https://stackoverflow.com/jobs/539720
Full Stack Software Engineer,"JPMorgan Chase Bank, N.A.","Plano, TX",https://stackoverflow.com/jobs/561773
Frontend (React) Developer,Seven Peaks Software,"Khwaeng Khlong Toei, Thailand",https://stackoverflow.com/jobs/474100
Software Engineer - Full Stack,"JPMorgan Chase Bank, N.A.","Plano, TX",https://stackoverflow.com/jobs/562523
Java Software Engineer VP - WM Document Management Tech lead,"JPMorgan Chase Bank, N.A.","Jersey City, NJ",https://stackoverflow.com/jobs/561595
PHP Developer (f/m/d),Fusonic,"Götzis, Austria",https://stackoverflow.com/jobs/195184
FrontEnd/BackEnd Developer (602),"JPMorgan Chase Bank, N.A.","Plano, TX",https://stackoverflow.com/jobs/559692
Frontend Entwickler (m/w/d),MT AG - enabling the adaptive enterprise,"Ratingen, Deutschland",https://stackoverflow.com/jobs/518379
Developer (m/w/d) E-Commerce,Heise Medien GmbH & Co. KG,"Hannover, Deutschland",https://stackoverflow.com/jobs/556312
LEAD INSTRUCTOR - WEB DEVELOPMENT [full time || part time],WBS Gruppe,No office location,https://stackoverflow.com/jobs/556317
"Senior Web Engineer | TypeScript, React.js, Next.js | High Traffic E-commerce",Dé VakantieDiscounter,"Amsterdam, Netherlands",https://stackoverflow.com/jobs/557189
Senior Software Engineer - User Interface Development,"Jack Henry & Associates, Inc.®",No office location,https://stackoverflow.com/jobs/561040
UI Engineer,OneMain Financial,"Baltimore, MD",https://stackoverflow.com/jobs/557466
Software Engineer (Front End),"JPMorgan Chase Bank, N.A.","Houston, TX",https://stackoverflow.com/jobs/559849
Senior Development Engineer (Android),Rain Bird Corporation,"Tucson, AZ",https://stackoverflow.com/jobs/555339
Sr. Full Stack Engineer- Convertus,AutoTrader,"Toronto, ON, Canada",https://stackoverflow.com/jobs/529014
Fullstack Entwickler (m/w/d),SOLIT Management GmbH,"Wiesbaden, Deutschland",https://stackoverflow.com/jobs/523307
Front End Engineer,"BizzyCar, Inc.","Denver, CO",https://stackoverflow.com/jobs/557033
Senior .Net / C# Web Service Developer / Architect,MapLarge,"Atlanta, GA",https://stackoverflow.com/jobs/124860
Fullstack Developer (m/w/d),best it AG,"Berlin, Deutschland",https://stackoverflow.com/jobs/368833
Data Scientist (m/f/d),starmobile GmbH,"Fulda, Deutschland",https://stackoverflow.com/jobs/528484
Lead Software Engineer,Vodafone,"London, UK",https://stackoverflow.com/jobs/533128
iOS / Swift Developer (Remote),X-Team,No office location,https://stackoverflow.com/jobs/534448
Fullstack Entwickler (m/w/d) in Hamburg,Computer FuturesviaComputer Futures Solutions GmbH,"Hamburg, Germany",https://stackoverflow.com/jobs/522732
Frontend Developer,H&M Hennes & Mauritz GBC AB,"Stockholm, Sweden",https://stackoverflow.com/jobs/529951
Senior Front End Web Developer,Kettle,No office location,https://stackoverflow.com/jobs/378531
Software Engineer - Full Stack,"JPMorgan Chase Bank, N.A.","Plano, TX",https://stackoverflow.com/jobs/562523
Business Intelligence Data Engineer,"JPMorgan Chase Bank, N.A.","Columbus, OH",https://stackoverflow.com/jobs/560664
Lead Application Support/Hosting - cxLoyalty,"JPMorgan Chase Bank, N.A.","Plano, TX",https://stackoverflow.com/jobs/561530
Full Stack Software Engineer - API,"JPMorgan Chase Bank, N.A.","Plano, TX",https://stackoverflow.com/jobs/561772
UX/UI Designer - ArcGIS 3D Scene Viewer,Esri,"Zürich, Switzerland",https://stackoverflow.com/jobs/533788
System Architect (m/f/d) for Cloud Solutions,SupplyOn AG,"Dresden, Deutschland",https://stackoverflow.com/jobs/549094
Senior ColdFusion Developer,Tomorrow's Guides,No office location,https://stackoverflow.com/jobs/559343
Platform Manager / Webmaster (m/w/d),Verband der Auto­mobil­indu­strie e. V. (VDA),"Berlin, Deutschland",https://stackoverflow.com/jobs/557614
C# / .NET Developer (f/m/d),Fusonic,"Götzis, Austria",https://stackoverflow.com/jobs/232275
Senior Developer (Human Capital Management),SAP,"Bengaluru, India",https://stackoverflow.com/jobs/561706
Engineering Team Lead (Credit Risk UI Mircoservices),"JPMorgan Chase Bank, N.A.","Glasgow, UK",https://stackoverflow.com/jobs/562231
Senior ServiceNow Developer,"IndraSoft, Inc","Annapolis Junction, MD",https://stackoverflow.com/jobs/481214
Senior Front-end Engineer,Cribl,No office location,https://stackoverflow.com/jobs/552179
Senior Front End (UI) Developer,Hearst Magazines,"Washington, DC",https://stackoverflow.com/jobs/500818
iOS / Swift Developer (Remote),X-Team,No office location,https://stackoverflow.com/jobs/534448
Senior Full Stack Developer,AutoRek,"Edinburgh, UK",https://stackoverflow.com/jobs/520638
Lead Software Engineer,Vodafone,"London, UK",https://stackoverflow.com/jobs/533128
Mobile Developer (m/w/d) Android und iOS,AUSY Technologies Germany AG,"München, Deutschland",https://stackoverflow.com/jobs/482932
Mobile QA Automation Engineer,"JPMorgan Chase Bank, N.A.","Plano, TX",https://stackoverflow.com/jobs/561161
Unity Developer Squla,Futurewhiz,"Amsterdam, Netherlands",https://stackoverflow.com/jobs/555515
Lead User Interface Developer / Architect,"JPMorgan Chase Bank, N.A.","Jersey City, NJ",https://stackoverflow.com/jobs/559909
Salesforce Developer,"JPMorgan Chase Bank, N.A.","London, UK",https://stackoverflow.com/jobs/562607
Front End Engineer,"BizzyCar, Inc.","Denver, CO",https://stackoverflow.com/jobs/557033
Senior Java Entwickler (m/w/d),Worldline,"Frankfurt am Main, Deutschland",https://stackoverflow.com/jobs/561816
"Senior Web Engineer | TypeScript, React.js, Next.js | High Traffic E-commerce",Dé VakantieDiscounter,"Amsterdam, Netherlands",https://stackoverflow.com/jobs/557189
Big Data DBA- Hadoop,"JPMorgan Chase Bank, N.A.","Houston, TX",https://stackoverflow.com/jobs/560490
Experienced Front-end Developer,F-Secure,"Helsinki, Finland",https://stackoverflow.com/jobs/552301
Java FullStack-Entwickler (m/d/w),MVB GmbHviaComputer Futures Solutions GmbH,"Frankfurt am Main, Deutschland",https://stackoverflow.com/jobs/522300
Frontend/Web-Entwickler WordPress,onOffice GmbH,No office location,https://stackoverflow.com/jobs/552287
Java Developer,"JPMorgan Chase Bank, N.A.","Houston, TX",https://stackoverflow.com/jobs/561800
Software Engineer - Full Stack,"JPMorgan Chase Bank, N.A.","Plano, TX",https://stackoverflow.com/jobs/560146
Infrastructure Engineering,"JPMorgan Chase Bank, N.A.","London, UK",https://stackoverflow.com/jobs/560669
UX Engineer,Pinnacle 21,No office location,https://stackoverflow.com/jobs/561044
Back-end Developer,HOTMART,"Belo Horizonte, Brazil",https://stackoverflow.com/jobs/526775
UI/UX  Developer,"JPMorgan Chase Bank, N.A.","Jersey City, NJ",https://stackoverflow.com/jobs/560557
"Software Developer, VP","JPMorgan Chase Bank, N.A.","Jersey City, NJ",https://stackoverflow.com/jobs/562227
Full Stack Engineer,eBay,"Atlanta, GA",https://stackoverflow.com/jobs/556461
Senior Network Systems Engineer,"JPMorgan Chase Bank, N.A.","Columbus, OH",https://stackoverflow.com/jobs/561502
(Senior) Consultant Digital Experience und Marketing,ti&m AG,"Zürich, Schweiz",https://stackoverflow.com/jobs/524920
Lead Application Support/Hosting - cxLoyalty,"JPMorgan Chase Bank, N.A.","Plano, TX",https://stackoverflow.com/jobs/561530
Full Stack Software Engineer - API,"JPMorgan Chase Bank, N.A.","Plano, TX",https://stackoverflow.com/jobs/561772
System Architect (m/f/d) for Cloud Solutions,SupplyOn AG,"Dresden, Deutschland",https://stackoverflow.com/jobs/549094
Senior ColdFusion Developer,Tomorrow's Guides,No office location,https://stackoverflow.com/jobs/559343
Platform Manager / Webmaster (m/w/d),Verband der Auto­mobil­indu­strie e. V. (VDA),"Berlin, Deutschland",https://stackoverflow.com/jobs/557614
C# / .NET Developer (f/m/d),Fusonic,"Götzis, Austria",https://stackoverflow.com/jobs/232275
Senior Elixir Developer,Mindful Care,"West Hempstead, NY",https://stackoverflow.com/jobs/559946
Senior Developer (Human Capital Management),SAP,"Bengaluru, India",https://stackoverflow.com/jobs/561706
Senior Front-end Engineer,Cribl,No office location,https://stackoverflow.com/jobs/552179
Sr. Java/React Developer,"JPMorgan Chase Bank, N.A.","Jersey City, NJ",https://stackoverflow.com/jobs/561255
Infrastructure Development - Software Defined Storage Block Engineering,"JPMorgan Chase Bank, N.A.","Columbus, OH",https://stackoverflow.com/jobs/561787
Big Data DBA- Hadoop,"JPMorgan Chase Bank, N.A.","Houston, TX",https://stackoverflow.com/jobs/560493
Senior Front End UI Engineer on Spectrum Design System,"JPMorgan Chase Bank, N.A.","Jersey City, NJ",https://stackoverflow.com/jobs/561631
Interactive visualisation of trains of the future + emission data maps (f/m/x),Deutsches Zentrum für Luft- und Raumfahrt e.V.,"Braunschweig, Deutschland",https://stackoverflow.com/jobs/556314
Commercial Banking - Big Data Product Analyst - Associate,"JPMorgan Chase Bank, N.A.","Columbus, OH",https://stackoverflow.com/jobs/561679
"Software Engineering Lead - Linux, Open Source, or SAAS",Canonical,No office location,https://stackoverflow.com/jobs/556636
Fullstack Entwickler (m/w/d),SOLIT Management GmbH,"Wiesbaden, Deutschland",https://stackoverflow.com/jobs/523307
Senior BI Developer,BET Software,"Umhlanga, South Africa",https://stackoverflow.com/jobs/531183
PHP Softwareentwickler (m/w/d) remote und/oder in Jena,igniti GmbH,"Jena, Deutschland",https://stackoverflow.com/jobs/524422
APIGEE Engineer,"JPMorgan Chase Bank, N.A.","Plano, TX",https://stackoverflow.com/jobs/562215
Full Stack Engineer (m/f/d),Relayr,"Katowice, Poland",https://stackoverflow.com/jobs/544460
UI Java | Spring Developer,"JPMorgan Chase Bank, N.A.","Plano, TX",https://stackoverflow.com/jobs/561503
Back-end Developer,InteractioviaInvest Lithuania,"Vilnius, Lithuania",https://stackoverflow.com/jobs/543984
Senior PHP Developer @Loyals,Loyals B.V.,"Mijdrecht, Netherlands",https://stackoverflow.com/jobs/503555
Full Stack Java Developer,"JPMorgan Chase Bank, N.A.","Columbus, OH",https://stackoverflow.com/jobs/561208
Content Developer - Technical Learning Solutions,"JPMorgan Chase Bank, N.A.","Jersey City, NJ",https://stackoverflow.com/jobs/559808
Sr. Software Engineer (Full stack Java),MUFG,"Charlotte, NC",https://stackoverflow.com/jobs/559425
React Lead Developer,"JPMorgan Chase Bank, N.A.","Jersey City, NJ",https://stackoverflow.com/jobs/562047
Senior DevOps Engineer,"JPMorgan Chase Bank, N.A.","Plano, TX",https://stackoverflow.com/jobs/560553
Senior Front End Web Developer,Kettle,No office location,https://stackoverflow.com/jobs/378531
Java / Cloud Software Engineer,"JPMorgan Chase Bank, N.A.","Glasgow, UK",https://stackoverflow.com/jobs/561752
UI/UX Designer,AutoRek,"Edinburgh, UK",https://stackoverflow.com/jobs/520641
(Senior) Frontend Engineer,Meshcloud GmbH,"Frankfurt am Main, Deutschland",https://stackoverflow.com/jobs/555603
Senior Site Reliability Engineer,Labforward GmbH,"Berlin, Germany",https://stackoverflow.com/jobs/525818
Wir suchen Sie als Angular Entwickler!,ViA-Online GmbH,"Krefeld, Deutschland",https://stackoverflow.com/jobs/147059
Java Developer,"JPMorgan Chase Bank, N.A.","Jersey City, NJ",https://stackoverflow.com/jobs/559992
Full Stack Engineer,eBay,"Atlanta, GA",https://stackoverflow.com/jobs/556461
Senior Cloud Native Microservices Developer,"JPMorgan Chase Bank, N.A.","Columbus, OH",https://stackoverflow.com/jobs/562335
Java Full Stack Developer,"JPMorgan Chase Bank, N.A.","Jersey City, NJ",https://stackoverflow.com/jobs/560010
Magento 2 Full Stack Developer: Rapid Growing E-Commerce Home Cinema Retailer,Digital Cinema,"Auburn, Australia",https://stackoverflow.com/jobs/556110
ReactJS Engineer,"JPMorgan Chase Bank, N.A.","Houston, TX",https://stackoverflow.com/jobs/562541
Fullstack Engineer,WeLab Bank Limited,Hong Kong,https://stackoverflow.com/jobs/523209
Senior Java fejlesztő,UNIQA Raiffeisen Software Service Kft.,"Budapest, Ungarn",https://stackoverflow.com/jobs/515490
Storage Engineer,"JPMorgan Chase Bank, N.A.","Plano, TX",https://stackoverflow.com/jobs/561189
Softwareentwickler – Magento (m/w/d),Basler AG,No office location,https://stackoverflow.com/jobs/558511
Full Stack Software Engineer - API,"JPMorgan Chase Bank, N.A.","Plano, TX",https://stackoverflow.com/jobs/561772
Senior Web Developer,ti&m AG,"Zürich, Schweiz",https://stackoverflow.com/jobs/522317
Java FullStack-Entwickler (m/d/w),MVB GmbHviaComputer Futures Solutions GmbH,"Frankfurt am Main, Deutschland",https://stackoverflow.com/jobs/522300
Senior Full Stack Web Developer,Launch That,"Orlando, FL",https://stackoverflow.com/jobs/559782
Software Engineer - Full Stack,"JPMorgan Chase Bank, N.A.","Plano, TX",https://stackoverflow.com/jobs/560146
Infrastructure Engineering,"JPMorgan Chase Bank, N.A.","London, UK",https://stackoverflow.com/jobs/560669
Senior Front-end Engineer,Cribl,No office location,https://stackoverflow.com/jobs/552179
Data Architect,Derivco.,"Umhlanga, South Africa",https://stackoverflow.com/jobs/528638
Back-end Developer,HOTMART,"Belo Horizonte, Brazil",https://stackoverflow.com/jobs/526775
UI/UX  Developer,"JPMorgan Chase Bank, N.A.","Jersey City, NJ",https://stackoverflow.com/jobs/560557
AWS Cloud Database Infrastructure Develpoer,"JPMorgan Chase Bank, N.A.","Jersey City, NJ",https://stackoverflow.com/jobs/561229
Front-End Developer,Stream Hatchet,"Barcelona, Spain",https://stackoverflow.com/jobs/556124
Java Application Developer (m/w/d),Worldline,"Wien, Österreich",https://stackoverflow.com/jobs/534692
Cloud Delivery Lead - VP,"JPMorgan Chase Bank, N.A.","Columbus, OH",https://stackoverflow.com/jobs/562469
(Senior) Consultant Digital Experience und Marketing,ti&m AG,"Zürich, Schweiz",https://stackoverflow.com/jobs/524920
Site Reliability Engineer,"JPMorgan Chase Bank, N.A.","Jersey City, NJ",https://stackoverflow.com/jobs/561473
Full Stack Java Developer - VP,"JPMorgan Chase Bank, N.A.","Chicago, IL",https://stackoverflow.com/jobs/561247
"Développeur .Net Sécurité (possibilité de télétravail à 100%, partout au Québec)",Grics,"Montréal, QC, Canada",https://stackoverflow.com/jobs/543736
Application Architect-cxLoyalty,"JPMorgan Chase Bank, N.A.","Plano, TX",https://stackoverflow.com/jobs/560690
UX Designer (m/w/d) 100%,Gardena GmbH,"Zürich, Switzerland",https://stackoverflow.com/jobs/531444
Senior Javascript Developer / Tech Lead,Insites Digital,"Hitchin, UK",https://stackoverflow.com/jobs/531166
Frontend/Web-Entwickler WordPress,onOffice GmbH,No office location,https://stackoverflow.com/jobs/552287
Senior Full Stack Engineer - SDK,Spotify,No office location,https://stackoverflow.com/jobs/552946
Full Stack Engineer (m/f/d),Relayr,"Berlin, Germany",https://stackoverflow.com/jobs/544458
Senior Cloud Engineer,"JPMorgan Chase Bank, N.A.","Houston, TX",https://stackoverflow.com/jobs/562103
UI/UX Designer,AutoRek,"Edinburgh, UK",https://stackoverflow.com/jobs/520641
Full Stack Developer - Software Engineering,"JPMorgan Chase Bank, N.A.","Glasgow, UK",https://stackoverflow.com/jobs/561093
Java Developer,"JPMorgan Chase Bank, N.A.","Jersey City, NJ",https://stackoverflow.com/jobs/559992
Frontend Developer,Octopus Energy,"London, UK",https://stackoverflow.com/jobs/533659
Senior Product Designer,Olo,No office location,https://stackoverflow.com/jobs/529175
Full Stack Developer,"JPMorgan Chase Bank, N.A.","Houston, TX",https://stackoverflow.com/jobs/562472
Big Data DBA- Hadoop,"JPMorgan Chase Bank, N.A.","Houston, TX",https://stackoverflow.com/jobs/560490
Fullstack Engineer,WeLab Bank Limited,Hong Kong,https://stackoverflow.com/jobs/523209
Java/DevOps Engineer,"JPMorgan Chase Bank, N.A.","Glasgow, UK",https://stackoverflow.com/jobs/562099
"Software Engineer (Kafka, Java, SpringBoot, and deployment in Cloud Platforms eg PCF)","JPMorgan Chase Bank, N.A.","Plano, TX",https://stackoverflow.com/jobs/562123
Senior Frontendutvecklare - React,Learnifier,"Stockholm, Sweden",https://stackoverflow.com/jobs/506872
VP Digital Marketplace - Front End Engineering Manager,"JPMorgan Chase Bank, N.A.","Chicago, IL",https://stackoverflow.com/jobs/561344
Senior Full Stack Web Developer,Launch That,"Orlando, FL",https://stackoverflow.com/jobs/559782
"Principal Software Engineer, Visual Interfaces (Front End / Full Stack) - London",Synthace Ltd.,"London, UK",https://stackoverflow.com/jobs/554537
DevOps Engineer - cxLoyalty,"JPMorgan Chase Bank, N.A.","Plano, TX",https://stackoverflow.com/jobs/561171
Full Stack .NET Developer,Worldline,"Sydney, Australia",https://stackoverflow.com/jobs/550627
Solution Architect (m/w/d),CIS Solutions GmbH,"Ismaning, Deutschland",https://stackoverflow.com/jobs/383540
AWS Cloud Database Infrastructure Develpoer,"JPMorgan Chase Bank, N.A.","Jersey City, NJ",https://stackoverflow.com/jobs/561229
Java Software Engineer,"JPMorgan Chase Bank, N.A.","Glasgow, UK",https://stackoverflow.com/jobs/559583
Cloud Delivery Lead - VP,"JPMorgan Chase Bank, N.A.","Columbus, OH",https://stackoverflow.com/jobs/562469
Infrastructure Engineering,"JPMorgan Chase Bank, N.A.","Jersey City, NJ",https://stackoverflow.com/jobs/560640
Senior WordPress Engineer (Remote),XWP,No office location,https://stackoverflow.com/jobs/507941
Site Reliability Engineer,"JPMorgan Chase Bank, N.A.","Jersey City, NJ",https://stackoverflow.com/jobs/561473
Java Lead,"JPMorgan Chase Bank, N.A.","Jersey City, NJ",https://stackoverflow.com/jobs/561885
Lead DevOps / SRE Engineer (f/m/d),HeidelbergCement AG,"Heidelberg, Deutschland",https://stackoverflow.com/jobs/555118
.Net Entwickler für moderne Webanwendungen! (m/w/d),ViA-Online GmbH,"Krefeld, Deutschland",https://stackoverflow.com/jobs/158529
Full Stack Engineer,"JPMorgan Chase Bank, N.A.","Jersey City, NJ",https://stackoverflow.com/jobs/562146
Senior Android Engineer,Audible,"Newark, NJ",https://stackoverflow.com/jobs/555751
Senior Product Designer (UX/UI) for Leading Kids Coding Platform,Tynker,No office location,https://stackoverflow.com/jobs/494563
Threat Intelligence Engineer,"JPMorgan Chase Bank, N.A.","Wilmington, DE",https://stackoverflow.com/jobs/562268
Senior Machine Learning Engineer,"JPMorgan Chase Bank, N.A.","Wilmington, DE",https://stackoverflow.com/jobs/561130
Site Reliability Engineer,"JPMorgan Chase Bank, N.A.","Chicago, IL",https://stackoverflow.com/jobs/561760
Project Manager - Machine Learning,"JPMorgan Chase Bank, N.A.","Houston, TX",https://stackoverflow.com/jobs/560349
"Développeur .Net (possibilité de télétravail à 100%, partout au Québec)",Grics,"Montréal, QC, Canada",https://stackoverflow.com/jobs/521899
Cloud Database Infrastructure Developer,"JPMorgan Chase Bank, N.A.","Jersey City, NJ",https://stackoverflow.com/jobs/561231
Senior Full Stack Developer,Digital Scientists,"Alpharetta, GA",https://stackoverflow.com/jobs/559593
"Développeur .Net Sécurité (possibilité de télétravail à 100%, partout au Québec)",Grics,"Montréal, QC, Canada",https://stackoverflow.com/jobs/543736
Infrastructure Developer (Defined Storage Block Engineering),"JPMorgan Chase Bank, N.A.","Columbus, OH",https://stackoverflow.com/jobs/560504
IT Enterprise Applications Oracle Developer,Quantcast,"San Francisco, CA",https://stackoverflow.com/jobs/442203
Full Stack Developer - Associate,"JPMorgan Chase Bank, N.A.","Glasgow, UK",https://stackoverflow.com/jobs/560351
Senior Javascript Developer / Tech Lead,Insites Digital,"Hitchin, UK",https://stackoverflow.com/jobs/531166
Senior QlikSense Developer,"JPMorgan Chase Bank, N.A.","Tampa, FL",https://stackoverflow.com/jobs/559898
Senior BI Developer,BET Software,"Umhlanga, South Africa",https://stackoverflow.com/jobs/531183
Senior DevOps Engineer,"leadPops, Inc.","San Diego, CA",https://stackoverflow.com/jobs/561042
Full Stack Engineer (m/f/d),Relayr,"Katowice, Poland",https://stackoverflow.com/jobs/544460
UI Java | Spring Developer,"JPMorgan Chase Bank, N.A.","Plano, TX",https://stackoverflow.com/jobs/561503
Product Designer Manager (UI/UX),"Jack Henry & Associates, Inc.®",No office location,https://stackoverflow.com/jobs/553135
React Lead Developer,"JPMorgan Chase Bank, N.A.","Jersey City, NJ",https://stackoverflow.com/jobs/562047
Senior UX Designer,SAP,"Warsaw, Poland",https://stackoverflow.com/jobs/555425
Vice President - Java Developer,"JPMorgan Chase Bank, N.A.","Plano, TX",https://stackoverflow.com/jobs/561131
Cloud Product Security Engineer,"JPMorgan Chase Bank, N.A.","Houston, TX",https://stackoverflow.com/jobs/560938
Java Support Engineer wanted!,Magnolia International Ltd.,No office location,https://stackoverflow.com/jobs/374068
"Développeur C# C++ (possibilité de télétravail à 100%, partout au Québec)",Grics,"Montréal, QC, Canada",https://stackoverflow.com/jobs/521898
Site Reliability Engineer,"JPMorgan Chase Bank, N.A.","Jersey City, NJ",https://stackoverflow.com/jobs/561181
Java Full Stack Developer,"JPMorgan Chase Bank, N.A.","Jersey City, NJ",https://stackoverflow.com/jobs/560010
DevOps Engineer - High Performance Computing,Sandia National Laboratories,"Albuquerque, NM",https://stackoverflow.com/jobs/558048
Site Reliability Engineer,"JPMorgan Chase Bank, N.A.","Plano, TX",https://stackoverflow.com/jobs/560632
Java Application Developer (m/w/d),Worldline,"Wien, Österreich",https://stackoverflow.com/jobs/534692
Software Engineering Manager,"JPMorgan Chase Bank, N.A.","Wilmington, DE",https://stackoverflow.com/jobs/559601
Cloud Security Project Execution VP,"JPMorgan Chase Bank, N.A.","Jersey City, NJ",https://stackoverflow.com/jobs/560917
Laravel Jedi,Creative Force Ltd,No office location,https://stackoverflow.com/jobs/527987
Senior Machine Learning Engineer,"JPMorgan Chase Bank, N.A.","Wilmington, DE",https://stackoverflow.com/jobs/561130
"Tech Lead Architect ( Ionic, Angular) - US based/Remote",Modus Create,No office location,https://stackoverflow.com/jobs/561429
"Associate, Software Engineering - Identity & Access Management","JPMorgan Chase Bank, N.A.","Plano, TX",https://stackoverflow.com/jobs/562476
Frontend Engineer (React.js + Next.js),Front Of The Pack,"London, UK",https://stackoverflow.com/jobs/559927
Senior Front-End Developer (UI Architecture),"Jack Henry & Associates, Inc.®",No office location,https://stackoverflow.com/jobs/558889
Cloud Product Security Engineer,"JPMorgan Chase Bank, N.A.","Houston, TX",https://stackoverflow.com/jobs/560938
Senior Front-End Developer (UI Architecture),"Jack Henry & Associates, Inc.®",No office location,https://stackoverflow.com/jobs/558889
"Développeur C# C++ (possibilité de télétravail à 100%, partout au Québec)",Grics,"Montréal, QC, Canada",https://stackoverflow.com/jobs/521898
"Senior Big Data Consultant (Financials focus), AWS Professional Services",Amazon Web Services,No office location,https://stackoverflow.com/jobs/559190
Principal Front-end Engineer,MessageBird,No office location,https://stackoverflow.com/jobs/477959
Lead WordPress Engineer,XWP,No office location,https://stackoverflow.com/jobs/513454
Modern Infrastructure and Security Architect - Remote,MUFG,No office location,https://stackoverflow.com/jobs/559431
